{"cameraMode":{"drawMode":0,"name":"Shaded","section":"Shading Mode"},"sceneLighting":true,"audioPlay":false,"sceneViewState":{"showFog":true,"showMaterialUpdate":false,"showSkybox":true,"showFlares":true,"showImageEffects":true,"showParticleSystems":true},"in2DMode":false,"pivot":{"x":1.9317315816879273,"y":-31.131919860839845,"z":0.8061717748641968},"rotation":{"x":0.006764058489352465,"y":-0.7096149921417236,"z":0.7045401334762573,"w":0.006822296883910894},"size":23.107906341552736,"orthographic":false}